{
	"class_name" : "PinholeCameraParameters",
	"extrinsic" : 
	[
		0.73808622160704007,
		0.34807662710000353,
		-0.57798909257920128,
		0.0,
		0.29635850255933532,
		-0.93684200555508124,
		-0.18573824212671386,
		0.0,
		-0.60613560152381074,
		-0.034201144633161297,
		-0.79462564410617265,
		0.0,
		-0.017942030677922483,
		0.017571266153932692,
		0.87446044098325415,
		1.0
	],
	"intrinsic" : 
	{
		"height" : 1080,
		"intrinsic_matrix" : 
		[
			935.30743608719376,
			0.0,
			0.0,
			0.0,
			935.30743608719376,
			0.0,
			959.5,
			539.5,
			1.0
		],
		"width" : 1920
	},
	"version_major" : 1,
	"version_minor" : 0
}